[{"id":"user-image-mockup_phone__9.png","publicUrl":"np://user.desktop.nicepage.com/Site_91056372/images/mockup_phone__9.png","size":1449363,"hash":"+cyRHaVOR5nm34ZuwKGaE0FCC2I=","fileName":"mockup_phone__9.png","name":"mockup_phone__9","width":1764,"height":1562,"thumbnail":{"url":"np://user.desktop.nicepage.com/Site_91056372/images/thumbnails/mockup_phone__9.png","width":250,"height":221},"folderId":null,"usages":["58350063"]},{"id":"user-image-mockup_phone__11.png","publicUrl":"np://user.desktop.nicepage.com/Site_91056372/images/mockup_phone__11.png","size":2457226,"hash":"jMbCpED+MdM9uiHuhOWXAPG0sak=","fileName":"mockup_phone__11.png","name":"mockup_phone__11","width":1698,"height":1904,"thumbnail":{"url":"np://user.desktop.nicepage.com/Site_91056372/images/thumbnails/mockup_phone__11.png","width":223,"height":250},"folderId":null,"usages":["58350063"]},{"id":"user-image-FullWHT.png","publicUrl":"np://user.desktop.nicepage.com/Site_91056372/images/FullWHT.png","size":11806,"hash":"ZPynKtLxJeQGuWUvpZh7KRqI81M=","fileName":"FullWHT.png","name":"FullWHT","width":351,"height":155,"thumbnail":{"url":"np://user.desktop.nicepage.com/Site_91056372/images/thumbnails/FullWHT.png","width":250,"height":110},"folderId":null,"usages":["58350063"]},{"id":"user-image-default-logo.png","publicUrl":"np://user.desktop.nicepage.com/Site_91056372/images/default-logo.png","size":1825,"hash":"JtG87ypT31bJ6OscoKJWmh4A0Vs=","fileName":"default-logo.png","name":"default-logo","width":80,"height":40,"thumbnail":{"url":"np://user.desktop.nicepage.com/Site_91056372/images/thumbnails/default-logo.png","width":80,"height":40,"length":1825,"type":"png"},"folderId":null,"originalUrl":"//capp.nicepage.com/e0544f7ea564517169c38ef04041105ff77ab896/images/default-logo.png","usages":[]},{"id":"user-image-pexelsphoto929032.jpeg","publicUrl":"np://user.desktop.nicepage.com/Site_91056372/images/pexelsphoto929032.jpeg","size":157189,"hash":"6mjx8Uj94t9E7QW6eKRD91OLt8A=","fileName":"pexelsphoto929032.jpeg","name":"pexelsphoto929032","width":1260,"height":709,"thumbnail":{"url":"np://user.desktop.nicepage.com/Site_91056372/images/thumbnails/pexelsphoto929032.jpeg","width":250,"height":141},"folderId":null,"originalUrl":"//images01.nicepage.com/a1389d7bc73adea1e1c1fb7e/ec5a266383b156a590b2b18e/pexelsphoto929032.jpeg","usages":["58350063"]},{"id":"user-image-pexelsphoto219014.jpeg","publicUrl":"np://user.desktop.nicepage.com/Site_91056372/images/pexelsphoto219014.jpeg","size":41729,"hash":"RCD1u0++RENikDLkAmZK9ZVJezQ=","fileName":"pexelsphoto219014.jpeg","name":"pexelsphoto219014","width":1125,"height":750,"thumbnail":{"url":"np://user.desktop.nicepage.com/Site_91056372/images/thumbnails/pexelsphoto219014.jpeg","width":250,"height":167},"folderId":null,"originalUrl":"//images01.nicepage.com/a1389d7bc73adea1e1c1fb7e/e80cd60dcd835355a75dc959/pexelsphoto219014.jpeg","usages":["58350063"]},{"id":"user-image-pexelsphoto551650.jpeg","publicUrl":"np://user.desktop.nicepage.com/Site_91056372/images/pexelsphoto551650.jpeg","size":105658,"hash":"muZYf2bM6BrkaziQqjGv5St7Mx0=","fileName":"pexelsphoto551650.jpeg","name":"pexelsphoto551650","width":1063,"height":750,"thumbnail":{"url":"np://user.desktop.nicepage.com/Site_91056372/images/thumbnails/pexelsphoto551650.jpeg","width":250,"height":176},"folderId":null,"originalUrl":"//images01.nicepage.com/a1389d7bc73adea1e1c1fb7e/d6f0c80c591d5982a4ee223a/pexelsphoto551650.jpeg","usages":["58350063"]},{"id":"user-image-Untitled16.png","publicUrl":"np://user.desktop.nicepage.com/Site_91056372/images/Untitled16.png","size":40486,"hash":"lVkldwnmXwVLT2v3mN/AQBU5zfQ=","fileName":"Untitled16.png","name":"Untitled16","width":566,"height":447,"thumbnail":{"url":"np://user.desktop.nicepage.com/Site_91056372/images/thumbnails/Untitled16.png","width":250,"height":197},"folderId":null,"originalUrl":"//images01.nicepage.com/a1389d7bc73adea1e1c1fb7e/4dc48ab80d145258a5d93605/Untitled16.png","usages":["58350063"]},{"id":"user-image-pexelsphoto716966.jpeg","publicUrl":"np://user.desktop.nicepage.com/Site_91056372/images/pexelsphoto716966.jpeg","size":55493,"hash":"LQ6zU+e3t1gIa0x99f/YvA4l9xg=","fileName":"pexelsphoto716966.jpeg","name":"pexelsphoto716966","width":1125,"height":750,"thumbnail":{"url":"np://user.desktop.nicepage.com/Site_91056372/images/thumbnails/pexelsphoto716966.jpeg","width":250,"height":167},"folderId":null,"originalUrl":"//images01.nicepage.com/a1389d7bc73adea1e1c1fb7e/d1f8f1770a955754bf3f353c/pexelsphoto716966.jpeg","usages":["58350063"]},{"id":"user-image-pexelsphoto1122868.jpeg","publicUrl":"np://user.desktop.nicepage.com/Site_91056372/images/pexelsphoto1122868.jpeg","size":46218,"hash":"2/owIqFiu1BdelYDl8cYG6/NLys=","fileName":"pexelsphoto1122868.jpeg","name":"pexelsphoto1122868","width":500,"height":750,"thumbnail":{"url":"np://user.desktop.nicepage.com/Site_91056372/images/thumbnails/pexelsphoto1122868.jpeg","width":167,"height":250},"folderId":null,"originalUrl":"//images01.nicepage.com/a1389d7bc73adea1e1c1fb7e/a73267b905c9516eaa1ef683/pexelsphoto1122868.jpeg","usages":["58350063"]},{"id":"user-image-pexelsphoto618545.jpeg","publicUrl":"np://user.desktop.nicepage.com/Site_91056372/images/pexelsphoto618545.jpeg","size":52746,"hash":"0SmkkKgMB/hYy8/EJBx3LG/R8qo=","fileName":"pexelsphoto618545.jpeg","name":"pexelsphoto618545","width":1124,"height":750,"thumbnail":{"url":"np://user.desktop.nicepage.com/Site_91056372/images/thumbnails/pexelsphoto618545.jpeg","width":250,"height":167},"folderId":null,"originalUrl":"//images01.nicepage.com/a1389d7bc73adea1e1c1fb7e/a1405454e214593293291767/pexelsphoto618545.jpeg","usages":["58350063"]},{"id":"user-image-iphones.png","publicUrl":"np://user.desktop.nicepage.com/Site_91056372/images/iphones.png","size":653169,"hash":"UeOBBLBnxzAmRB+OzshZRTiyhvg=","fileName":"iphones.png","name":"iphones","width":1600,"height":899,"thumbnail":{"url":"np://user.desktop.nicepage.com/Site_91056372/images/thumbnails/iphones.png","width":250,"height":140},"folderId":null,"originalUrl":"//images01.nicepage.com/a1389d7bc73adea1e1c1fb7e/5cf43c22ac4b50838a5a1a0b/iphones.png","usages":["58350063"]},{"id":"user-image-Untitled15.png","publicUrl":"np://user.desktop.nicepage.com/Site_91056372/images/Untitled15.png","size":37987,"hash":"SkWn/Gv8lQcHevs+glxEsojVOHg=","fileName":"Untitled15.png","name":"Untitled15","width":566,"height":447,"thumbnail":{"url":"np://user.desktop.nicepage.com/Site_91056372/images/thumbnails/Untitled15.png","width":250,"height":197},"folderId":null,"originalUrl":"//images01.nicepage.com/a1389d7bc73adea1e1c1fb7e/68d0d08f0e5a55de831c53de/Untitled15.png","usages":["58350063"]},{"id":"user-image-iphone2854325_960_720.png","publicUrl":"np://user.desktop.nicepage.com/Site_91056372/images/iphone2854325_960_720.png","size":293212,"hash":"0WQC4N7cHxkftM7puqZgaATdNlg=","fileName":"iphone2854325_960_720.png","name":"iphone2854325_960_720","width":720,"height":366,"thumbnail":{"url":"np://user.desktop.nicepage.com/Site_91056372/images/thumbnails/iphone2854325_960_720.png","width":250,"height":127},"folderId":null,"originalUrl":"//images01.nicepage.com/a1389d7bc73adea1e1c1fb7e/4312b070e4f35c4bb2927817/iphone2854325_960_720.png","usages":["58350063"]},{"id":"user-image-Untitled14.png","publicUrl":"np://user.desktop.nicepage.com/Site_91056372/images/Untitled14.png","size":32976,"hash":"ni2+gqypFUWg3Sga/RqNBX6l2tU=","fileName":"Untitled14.png","name":"Untitled14","width":566,"height":447,"thumbnail":{"url":"np://user.desktop.nicepage.com/Site_91056372/images/thumbnails/Untitled14.png","width":250,"height":197},"folderId":null,"originalUrl":"//images01.nicepage.com/a1389d7bc73adea1e1c1fb7e/08851c356455514b879d0385/Untitled14.png","usages":["58350063"]},{"id":"user-image-Untitled13.png","publicUrl":"np://user.desktop.nicepage.com/Site_91056372/images/Untitled13.png","size":39835,"hash":"spjfnOcxcY6IYVEJVv5bZ3nltVA=","fileName":"Untitled13.png","name":"Untitled13","width":566,"height":447,"thumbnail":{"url":"np://user.desktop.nicepage.com/Site_91056372/images/thumbnails/Untitled13.png","width":250,"height":197},"folderId":null,"originalUrl":"//images01.nicepage.com/a1389d7bc73adea1e1c1fb7e/c88fa2b2fcc65ef3b4b8e81d/Untitled13.png","usages":["58350063"]}]