[{"id":"user-image-13371523.png","publicUrl":"np://user.desktop.nicepage.com/Site_960030879/images/13371523.png","size":3309,"hash":"kow5oZyl6LuZYlwXB8sDYm+XRuE=","fileName":"13371523.png","name":"13371523","width":128,"height":128,"thumbnail":{"url":"np://user.desktop.nicepage.com/Site_960030879/images/thumbnails/13371523.png","width":128,"height":128,"length":3309,"type":"png"},"folderId":null,"usages":[]},{"id":"user-image-11915874.png","publicUrl":"np://user.desktop.nicepage.com/Site_960030879/images/11915874.png","size":1569,"hash":"3JNomgOBOWDjbRjlBu+f9kkPreM=","fileName":"11915874.png","name":"11915874","width":128,"height":128,"thumbnail":{"url":"np://user.desktop.nicepage.com/Site_960030879/images/thumbnails/11915874.png","width":128,"height":128,"length":1569,"type":"png"},"folderId":null,"usages":[]},{"id":"user-image-mockup_phone__8.png","publicUrl":"np://user.desktop.nicepage.com/Site_960030879/images/mockup_phone__8.png","size":2482964,"hash":"VICkZpEjRJHySQIDaLDIfrzwfjM=","fileName":"mockup_phone__8.png","name":"mockup_phone__8","width":3000,"height":1520,"thumbnail":{"url":"np://user.desktop.nicepage.com/Site_960030879/images/thumbnails/mockup_phone__8.png","width":250,"height":127},"folderId":null,"usages":["58350063"]},{"id":"user-image-mockup_phone__6.png","publicUrl":"np://user.desktop.nicepage.com/Site_960030879/images/mockup_phone__6.png","size":1293220,"hash":"P5cAI2X8Y/OhcrNrgm7O2qnzpKg=","fileName":"mockup_phone__6.png","name":"mockup_phone__6","width":2636,"height":932,"thumbnail":{"url":"np://user.desktop.nicepage.com/Site_960030879/images/thumbnails/mockup_phone__6.png","width":250,"height":88},"folderId":null,"usages":["58350063"]},{"id":"user-image-Laptop002.png","publicUrl":"np://user.desktop.nicepage.com/Site_960030879/images/Laptop002.png","size":4334339,"hash":"C5ngdI+af6VFYZV2YlQNjoRHkRw=","fileName":"Laptop002.png","name":"Laptop002","width":3574,"height":3238,"thumbnail":{"url":"np://user.desktop.nicepage.com/Site_960030879/images/thumbnails/Laptop002.png","width":250,"height":226},"folderId":null,"usages":["58350063"]},{"id":"user-image-mockup_phone__11.png","publicUrl":"np://user.desktop.nicepage.com/Site_960030879/images/mockup_phone__11.png","size":2457226,"hash":"jMbCpED+MdM9uiHuhOWXAPG0sak=","fileName":"mockup_phone__11.png","name":"mockup_phone__11","width":1698,"height":1904,"thumbnail":{"url":"np://user.desktop.nicepage.com/Site_960030879/images/thumbnails/mockup_phone__11.png","width":223,"height":250},"usages":["58350063"]},{"id":"user-image-FullWHT.png","publicUrl":"np://user.desktop.nicepage.com/Site_960030879/images/FullWHT.png","size":11806,"hash":"ZPynKtLxJeQGuWUvpZh7KRqI81M=","fileName":"FullWHT.png","name":"FullWHT","width":351,"height":155,"thumbnail":{"url":"np://user.desktop.nicepage.com/Site_960030879/images/thumbnails/FullWHT.png","width":250,"height":110},"usages":["58350063"]},{"id":"user-image-default-logo.png","publicUrl":"np://user.desktop.nicepage.com/Site_960030879/images/default-logo.png","size":1825,"hash":"JtG87ypT31bJ6OscoKJWmh4A0Vs=","fileName":"default-logo.png","name":"default-logo","width":80,"height":40,"thumbnail":{"url":"np://user.desktop.nicepage.com/Site_960030879/images/thumbnails/default-logo.png","width":80,"height":40,"length":1825},"originalUrl":"//capp.nicepage.com/e0544f7ea564517169c38ef04041105ff77ab896/images/default-logo.png","usages":[]},{"id":"user-image-mockup_phone__9.png","publicUrl":"np://user.desktop.nicepage.com/Site_960030879/images/mockup_phone__9.png","size":1449363,"hash":"+cyRHaVOR5nm34ZuwKGaE0FCC2I=","fileName":"mockup_phone__9.png","name":"mockup_phone__9","width":1764,"height":1562,"thumbnail":{"url":"np://user.desktop.nicepage.com/Site_960030879/images/thumbnails/mockup_phone__9.png","width":250,"height":221},"usages":["58350063"]},{"id":"user-image-pexelsphoto219014.jpeg","publicUrl":"np://user.desktop.nicepage.com/Site_960030879/images/pexelsphoto219014.jpeg","size":41729,"hash":"RCD1u0++RENikDLkAmZK9ZVJezQ=","fileName":"pexelsphoto219014.jpeg","name":"pexelsphoto219014","width":1125,"height":750,"thumbnail":{"url":"np://user.desktop.nicepage.com/Site_960030879/images/thumbnails/pexelsphoto219014.jpeg","width":250,"height":167},"originalUrl":"//images01.nicepage.com/a1389d7bc73adea1e1c1fb7e/e80cd60dcd835355a75dc959/pexelsphoto219014.jpeg","usages":["58350063"]}]