[{"id":"user-image-mockup_phone__11.png","publicUrl":"np://user.desktop.nicepage.com/Site_39927562/images/mockup_phone__11.png","size":2457226,"hash":"jMbCpED+MdM9uiHuhOWXAPG0sak=","fileName":"mockup_phone__11.png","name":"mockup_phone__11","width":1698,"height":1904,"thumbnail":{"url":"np://user.desktop.nicepage.com/Site_39927562/images/thumbnails/mockup_phone__11.png","width":223,"height":250},"usages":["58350063"]},{"id":"user-image-poster-sunny-2.png","publicUrl":"np://user.desktop.nicepage.com/Site_39927562/images/poster-sunny-2.png","size":1811465,"hash":"0wgTdfsvVrYzsnKDP7ZQphqdamI=","fileName":"poster-sunny-2.png","name":"poster-sunny-2","width":1618,"height":795,"thumbnail":{"url":"np://user.desktop.nicepage.com/Site_39927562/images/thumbnails/poster-sunny-2.png","width":250,"height":123},"usages":["58350063"]},{"id":"user-image-FullWHT.png","publicUrl":"np://user.desktop.nicepage.com/Site_39927562/images/FullWHT.png","size":11806,"hash":"ZPynKtLxJeQGuWUvpZh7KRqI81M=","fileName":"FullWHT.png","name":"FullWHT","width":351,"height":155,"thumbnail":{"url":"np://user.desktop.nicepage.com/Site_39927562/images/thumbnails/FullWHT.png","width":250,"height":110},"usages":["58350063"]},{"id":"user-image-Laptop002.png","publicUrl":"np://user.desktop.nicepage.com/Site_39927562/images/Laptop002.png","size":1311544,"hash":"MVGrgeWUz3HOiiYJT8LMiI7XD9o=","fileName":"Laptop002.png","name":"Laptop002","width":1920,"height":1739,"thumbnail":{"url":"np://user.desktop.nicepage.com/Site_39927562/images/thumbnails/Laptop002.png","width":250,"height":226},"usages":["58350063"]},{"id":"user-image-99488.png","publicUrl":"np://user.desktop.nicepage.com/Site_39927562/images/99488.png","size":940,"hash":"fJqeAAfmaoyEod8P+UMEdHkLok4=","fileName":"99488.png","name":"99488","width":128,"height":128,"thumbnail":{"url":"np://user.desktop.nicepage.com/Site_39927562/images/thumbnails/99488.png","width":128,"height":128,"length":940},"usages":["58350063"]},{"id":"user-image-pexelsphoto219014.jpeg","publicUrl":"np://user.desktop.nicepage.com/Site_39927562/images/pexelsphoto219014.jpeg","size":41729,"hash":"RCD1u0++RENikDLkAmZK9ZVJezQ=","fileName":"pexelsphoto219014.jpeg","name":"pexelsphoto219014","width":1125,"height":750,"thumbnail":{"url":"np://user.desktop.nicepage.com/Site_39927562/images/thumbnails/pexelsphoto219014.jpeg","width":250,"height":167},"originalUrl":"//images01.nicepage.com/a1389d7bc73adea1e1c1fb7e/e80cd60dcd835355a75dc959/pexelsphoto219014.jpeg","usages":["58350063"]},{"id":"user-image-mockup_phone__9.png","publicUrl":"np://user.desktop.nicepage.com/Site_39927562/images/mockup_phone__9.png","size":1449363,"hash":"+cyRHaVOR5nm34ZuwKGaE0FCC2I=","fileName":"mockup_phone__9.png","name":"mockup_phone__9","width":1764,"height":1562,"thumbnail":{"url":"np://user.desktop.nicepage.com/Site_39927562/images/thumbnails/mockup_phone__9.png","width":250,"height":221},"usages":["58350063"]},{"id":"user-image-mockup_phone__6.png","publicUrl":"np://user.desktop.nicepage.com/Site_39927562/images/mockup_phone__6.png","size":826343,"hash":"fEZMtXA6HAMqSgmnpvD4XojFal4=","fileName":"mockup_phone__6.png","name":"mockup_phone__6","width":1920,"height":679,"thumbnail":{"url":"np://user.desktop.nicepage.com/Site_39927562/images/thumbnails/mockup_phone__6.png","width":250,"height":88},"usages":["58350063"]},{"id":"user-image-mockup_phone__8.png","publicUrl":"np://user.desktop.nicepage.com/Site_39927562/images/mockup_phone__8.png","size":978733,"hash":"r0cxXzaGy/vSNyX6txUrZP08y1k=","fileName":"mockup_phone__8.png","name":"mockup_phone__8","width":1920,"height":973,"thumbnail":{"url":"np://user.desktop.nicepage.com/Site_39927562/images/thumbnails/mockup_phone__8.png","width":250,"height":127},"usages":["58350063"]},{"id":"user-image-13371523.png","publicUrl":"np://user.desktop.nicepage.com/Site_39927562/images/13371523.png","size":3309,"hash":"kow5oZyl6LuZYlwXB8sDYm+XRuE=","fileName":"13371523.png","name":"13371523","width":128,"height":128,"thumbnail":{"url":"np://user.desktop.nicepage.com/Site_39927562/images/thumbnails/13371523.png","width":128,"height":128,"length":3309},"usages":[]},{"id":"user-image-default-logo.png","publicUrl":"np://user.desktop.nicepage.com/Site_39927562/images/default-logo.png","size":1825,"hash":"JtG87ypT31bJ6OscoKJWmh4A0Vs=","fileName":"default-logo.png","name":"default-logo","width":80,"height":40,"thumbnail":{"url":"np://user.desktop.nicepage.com/Site_39927562/images/thumbnails/default-logo.png","width":80,"height":40,"length":1825},"originalUrl":"//capp.nicepage.com/e0544f7ea564517169c38ef04041105ff77ab896/images/default-logo.png","usages":[]},{"id":"user-image-11915874.png","publicUrl":"np://user.desktop.nicepage.com/Site_39927562/images/11915874.png","size":1569,"hash":"3JNomgOBOWDjbRjlBu+f9kkPreM=","fileName":"11915874.png","name":"11915874","width":128,"height":128,"thumbnail":{"url":"np://user.desktop.nicepage.com/Site_39927562/images/thumbnails/11915874.png","width":128,"height":128,"length":1569},"usages":[]}]