[{"id":32388608,"title":"Blog Template","order":1,"templateKey":"blog","customTemplate":false,"customTemplateFilename":null,"pageLinks":[],"dateCreated":"2024-01-15T21:47:29.497Z","dateUpdated":"2024-01-15T21:47:31.727Z","folderId":null,"pageName":"Blog Template","serverPageId":null,"sectionCount":1,"status":2,"backwardUrl":null},{"id":119833591,"title":"Post Template","order":2,"templateKey":"post","customTemplate":false,"customTemplateFilename":null,"pageLinks":[],"dateCreated":"2024-01-15T21:47:29.727Z","dateUpdated":"2024-01-15T21:47:31.727Z","folderId":null,"pageName":"Post Template","serverPageId":null,"sectionCount":1,"status":2,"backwardUrl":null},{"id":14276967,"title":"Product List Template","order":3,"templateKey":"products","customTemplate":false,"customTemplateFilename":null,"pageLinks":[],"dateCreated":"2024-01-15T21:47:29.924Z","dateUpdated":"2024-01-15T21:47:31.727Z","folderId":null,"pageName":"Product List Template","serverPageId":null,"sectionCount":1,"status":2,"backwardUrl":null},{"id":34508936,"title":"Product Details Template","order":4,"templateKey":"product","customTemplate":false,"customTemplateFilename":null,"pageLinks":[],"dateCreated":"2024-01-15T21:47:30.163Z","dateUpdated":"2024-01-15T21:47:31.727Z","folderId":null,"pageName":"Product Details Template","serverPageId":null,"sectionCount":1,"status":2,"backwardUrl":null},{"id":66129241,"title":"Shopping Cart Template","order":5,"templateKey":"cart","customTemplate":false,"customTemplateFilename":null,"pageLinks":[],"dateCreated":"2024-01-15T21:47:30.346Z","dateUpdated":"2024-01-15T21:47:31.727Z","folderId":null,"pageName":"Shopping Cart Template","serverPageId":null,"sectionCount":1,"status":2,"backwardUrl":null},{"id":68294241,"title":"Checkout Template","order":6,"templateKey":"checkout","customTemplate":false,"customTemplateFilename":null,"pageLinks":[],"dateCreated":"2024-01-15T21:47:30.584Z","dateUpdated":"2024-01-15T21:47:31.727Z","folderId":null,"pageName":"Checkout Template","serverPageId":null,"sectionCount":1,"status":2,"backwardUrl":null},{"id":50297510,"title":"Login Template","order":7,"templateKey":"login","customTemplate":false,"customTemplateFilename":null,"pageLinks":[],"dateCreated":"2024-01-15T21:47:30.708Z","dateUpdated":"2024-01-15T21:47:31.727Z","folderId":null,"pageName":"Login Template","serverPageId":null,"sectionCount":1,"status":2,"backwardUrl":null},{"id":732628185,"title":"Page Password Template","order":8,"templateKey":"password","customTemplate":false,"customTemplateFilename":null,"pageLinks":[],"dateCreated":"2024-01-15T21:47:30.799Z","dateUpdated":"2024-01-15T21:47:31.728Z","folderId":null,"pageName":"Page Password Template","serverPageId":null,"sectionCount":1,"status":2,"backwardUrl":null},{"id":251227206,"title":"404 Not Found Template","order":9,"templateKey":"404","customTemplate":false,"customTemplateFilename":null,"pageLinks":[],"dateCreated":"2024-01-15T21:47:30.935Z","dateUpdated":"2024-01-15T21:47:31.728Z","folderId":null,"pageName":"404 Not Found Template","serverPageId":null,"sectionCount":1,"status":2,"backwardUrl":null},{"id":502300458,"title":"Thank You Page Template","order":10,"templateKey":"ThankYou","customTemplate":false,"customTemplateFilename":null,"pageLinks":[],"dateCreated":"2024-01-15T21:47:31.059Z","dateUpdated":"2024-01-15T21:47:31.728Z","folderId":null,"pageName":"Thank You Page Template","serverPageId":null,"sectionCount":1,"status":2,"backwardUrl":null},{"id":58350063,"title":"🏠ofvf","order":50,"templateKey":null,"customTemplate":false,"customTemplateFilename":null,"pageLinks":["1700106186"],"dateCreated":"2024-01-15T21:47:51.775Z","dateUpdated":"2024-03-13T20:10:47.135Z","folderId":null,"pageName":"🏠ofvf_58350063","serverPageId":null,"sectionCount":6,"status":2,"backwardUrl":null},{"id":2516602090,"title":"screenshot","order":75,"templateKey":null,"customTemplate":false,"customTemplateFilename":null,"pageLinks":[],"dateCreated":"2024-01-15T21:47:51.775Z","dateUpdated":"2024-03-14T15:25:24.874Z","folderId":null,"pageName":"screenshot_2516602090","serverPageId":null,"sectionCount":1,"status":2,"backwardUrl":null},{"id":190722790,"title":"📖about","order":100,"templateKey":null,"customTemplate":false,"customTemplateFilename":null,"pageLinks":[],"dateCreated":"2024-01-15T21:47:31.111Z","dateUpdated":"2024-02-19T20:48:32.540Z","folderId":null,"pageName":"📖about_190722790","serverPageId":null,"sectionCount":1,"status":2,"backwardUrl":null},{"id":22878177,"title":"✅verified","order":100.5,"templateKey":null,"customTemplate":false,"customTemplateFilename":null,"pageLinks":[],"dateCreated":"2024-01-15T21:47:31.111Z","dateUpdated":"2024-01-29T01:10:59.310Z","folderId":null,"pageName":"✅verified_22878177","serverPageId":null,"sectionCount":2,"status":2,"backwardUrl":null},{"id":588111413,"title":"✅verify","order":100.75,"templateKey":null,"customTemplate":false,"customTemplateFilename":null,"pageLinks":[],"dateCreated":"2024-01-15T21:47:31.111Z","dateUpdated":"2024-01-29T01:20:30.017Z","folderId":null,"pageName":"✅verify_588111413","serverPageId":null,"sectionCount":2,"status":2,"backwardUrl":null},{"id":176797916,"title":"📟contact","order":101,"templateKey":null,"customTemplate":false,"customTemplateFilename":null,"pageLinks":[],"dateCreated":"2024-01-15T21:47:31.159Z","dateUpdated":"2024-01-31T16:52:28.909Z","folderId":null,"pageName":"📟contact_176797916","serverPageId":null,"sectionCount":1,"status":2,"backwardUrl":null},{"id":1700106186,"title":"🤝partners","order":102,"templateKey":null,"customTemplate":false,"customTemplateFilename":null,"pageLinks":[],"dateCreated":"2024-01-16T16:26:37.874Z","dateUpdated":"2024-02-23T21:34:07.147Z","folderId":null,"pageName":"🤝partners_1700106186","serverPageId":null,"sectionCount":1,"status":2,"backwardUrl":null},{"id":85716243,"title":"📖how-to","order":103,"templateKey":null,"customTemplate":false,"customTemplateFilename":null,"pageLinks":[],"dateCreated":"2024-02-13T03:02:43.819Z","dateUpdated":"2024-02-23T22:43:54.494Z","folderId":null,"pageName":"📖how-to_85716243","serverPageId":null,"sectionCount":1,"status":2,"backwardUrl":null}]